name;rarity;quantity;level;type;atk;def;cost;activation;power;abilities;effect
Poder;1;12;1;power;;;0;;1;;
Elfo Bardo;1;12;1;creature;0;2;2;;;;
Duende;1;12;1;creature;1;1;1;;;;
Guerrero Menor;1;12;1;creature;1;1;2;;;;
Dophan;50;12;1;creature;2;1;3;;;;
Gorad Menor;60;12;1;creature;1;2;3;;;;
Mimit;20;12;1;creature;0;3;3;;;;
Mel;1;12;1;creature;1;1;2;;;;
Guerrero Mediano;1;12;2;creature;2;2;3;;;;
Aries Menor;1;12;2;creature;2;1;3;;;;
Ninfa;50;12;2;creature;1;3;2;;;;
Lestat;60;12;2;creature;3;1;2;;;;
Guarda;60;12;2;creature;0;4;3;;;;
Ozk;80;3;2;creature;2;2;1;;;;
Aries Mediano;20;12;3;creature;2;4;4;;;;
Gorad Mediano;20;12;3;creature;2;5;5;;;;
Atia;20;12;3;creature;4;2;4;;;;
Enano Menor;20;12;3;creature;3;3;5;;;;
Chapanhan;70;12;3;creature;4;1;2;;;;
Eio Menor;1;12;3;creature;1;4;2;;;;
Explorador;95;2;3;creature;0;1;5;;;;10⚡ +1A
Bashi;60;12;4;creature;2;4;2;;;;
Lancero;90;12;4;creature;4;1;1;;;;
Enano Mayor;20;12;4;creature;4;3;4;;;;
Gorad Mayor;40;12;4;creature;4;3;5;;;;
Momia;95;3;4;creature;8;2;3;;;;
Orco;45;5;4;creature;5;1;3;;;;
Golem;20;12;4;creature;0;10;6;;;;
Eio Mayor;70;12;5;creature;1;6;3;;;;
Zoa;40;12;5;creature;2;5;4;;;;
Aries Mayor;10;12;5;creature;6;2;4;;;;
Poder x 3;65;40;5;power;;;0;;3;;
Chamad;50;12;5;creature;4;4;3;;;;
Mercenario;10;12;5;creature;4;4;5;;;;
Arlequin Menor;50;12;5;creature;5;5;6;;;;
Celestial;80;12;5;creature;4;8;6;;;;
Arlequin Mayor;20;12;6;creature;6;5;6;;;;
Elfo Negro;60;12;6;creature;3;6;3;;;;
Ave de noche;10;5;6;creature;6;1;3;;;;
Paleo;10;12;6;creature;5;5;5;;;;
Radia;90;12;6;creature;4;6;2;;;;
Rukia;50;12;6;creature;4;5;3;;;;
Umbral;95;12;6;creature;1;13;3;;;;
Minotauro;20;12;6;creature;12;2;9;;;;
Atea;99;3;6;creature;1;5;0;;;defensora,mistica;12⚡ +2D
Fuente de vida;60;12;6;amulet;;;1;2;;;+3PV
Escudal;55;12;6;amulet;;;1;1;;;+1 (escudo: defensa del jugador)
Poderador;60;40;6;amulet;;;1;1;;;+1D.Cri
Gran Guerrero;10;12;7;creature;5;4;5;;;;
Gran Elfo;10;12;7;creature;6;2;5;;;;
Gusold;10;12;7;creature;5;3;3;;;;
Oratio;40;12;7;creature;1;8;4;;;;
Rush;60;2;7;creature;8;1;4;;;;
Mago Blanco;60;12;7;creature;3;7;5;;;;
Blitz Menor;20;12;7;creature;5;7;5;;;;
Cobald;90;2;7;creature;8;8;3;;;;
Ordrihn;30;12;7;creature;2;4;6;;;defensora;2⚡ +2A
Poder x 4;65;40;7;power;;;0;;4;;
Veneno;60;12;7;amulet;;;1;2;;;-2PV.Opp
Atriad;10;12;8;creature;1;8;5;;;;
Enano de Oro;10;12;8;creature;8;3;6;;;;
Blitz Mediano;20;12;8;creature;6;7;5;;;;
Hidra;90;2;8;creature;10;1;1;;;;
Eretik;1;12;8;creature;10;8;7;;;;
Trasgo Menor;90;12;8;creature;10;10;5;;;;
Mercane;75;12;8;creature;2;15;5;;;;
Ador;55;12;8;creature;1;3;6;;;;4⚡ +2A
Drenador;55;12;8;amulet;;;1;1;;;-1PV.Opp, +1A.Cri
Hada;90;1;8;creature;1;7;8;;;defensa_multiple=2;x1D.Amu, 6⚡ +2D
Tachi;60;2;9;creature;9;9;6;;;;
Bebe Dragon;90;2;9;creature;12;12;8;;;;
Lancero Menor;80;2;9;creature;10;10;7;;;;
Blitz Mayor;50;2;9;creature;10;8;6;;;;
Moriel;80;2;9;creature;15;5;9;;;;
Oracty;85;2;9;creature;6;14;9;;;;
Mujer Aguila;100;1;9;creature;6;8;10;;;;x1D.Cri, -10PVOpp
Suza;10;2;10;creature;10;10;8;;;;
Dehil;80;2;10;creature;12;14;10;;;;
Poder x 5;70;40;10;power;;;0;;5;;
Gran Oso;80;2;10;creature;20;2;12;;;;
Vampiro;20;2;10;creature;11;8;8;;;;
Fureh;60;2;10;creature;8;9;7;;;;3⚡ +3A
Arpada;80;2;10;creature;1;10;8;;;mistica;8⚡ +1A
Aguila Gigante;35;2;10;creature;5;10;7;;;;2⚡ +5A
Veneno x 2;70;2;10;amulet;;;5;5;;;-5PV.Opp
Trasgo Mayor;80;2;11;creature;12;12;5;;;;
Gran Blitz;10;2;11;creature;12;9;8;;;;
Sombra;60;2;11;creature;15;8;9;;;;
Mole;65;2;11;creature;8;16;10;;;;
Demonio;75;2;11;creature;17;7;12;;;;
Sardo;30;2;11;creature;12;1;6;;;;5⚡ +2A
Hongo;99;2;11;creature;0;20;6;;;;6⚡ +3D
Malar;90;2;11;creature;5;16;8;;;;10⚡ +2A
Lancero Mayor;10;2;12;creature;11;11;8;;;;
Gran Trasgo;60;2;12;creature;16;10;8;;;;
Presenter;95;2;12;creature;0;25;10;;;;
Hombre Lobo;70;2;12;creature;5;8;6;;;;5⚡ +3A
Fuente de vida x 2;70;2;12;amulet;;;3;5;;;+8PV
Escudal x 2;60;2;12;amulet;;;5;2;;;+3 (escudo: defensa del jugador)
Elfo Arquero;95;1;12;creature;16;10;8;;;;-15PVOpp
Lanzador;10;2;13;creature;10;2;8;;;;
Arcero;10;2;13;creature;15;10;9;;;;
Tumbadil;20;2;13;creature;16;12;10;;;;
Hyel;50;2;13;creature;1;10;7;;;;3⚡ +4A
Taros;99;2;13;creature;8;30;8;;;;10⚡ +1A
Inevitables;99;2;13;creature;0;20;11;;;defensora;40⚡ +1A
Poder x 6;95;40;13;power;;;0;;6;;
Poderador x 2;65;2;13;amulet;;;3;4;;;+2A.Cri, +1D.Cri
Poder Mental;99;2;13;amulet;;;8;10;;;x1G.Cri
Dragon Rojo;90;2;14;creature;18;18;15;;;;
Ithids Menores;60;2;14;creature;22;10;12;;;;
Azote;40;2;14;creature;15;20;16;;;;
Oscuro;70;2;14;creature;18;1;7;;;;5⚡ +5D
Morthen;90;2;14;creature;1;8;8;;;mistica;2⚡ +4A
Korth;100;2;14;creature;5;5;6;;;mistica;10⚡ +2A
Sirena;10;2;15;creature;1;16;6;;;;
Poder x 7;80;40;15;power;;;0;;7;;
Ithids Mayores;50;2;15;creature;25;10;12;;;;
Urgul;99;2;15;creature;30;1;14;;;;
Basilisco;80;2;15;creature;14;1;6;;;;5⚡ +5D
Thrul;90;2;15;creature;15;8;8;;;;4⚡ +3A
Escudal x 3;70;2;15;amulet;;;6;6;;;+5 (escudo: defensa del jugador)
Barrera Mistica;80;2;15;amulet;;;15;8;;mistica;EM (escudo místico)
Atea Mayor;99;3;15;creature;1;9;0;;;;+15PV, 10⚡ +2D
Albala;70;10;15;creature;0;0;14;;;;-10PVOpp, 2⚡ +9A
Poder x 7 Poderal;100;1;15;power;;;0;;7;;-10PVOpp
Poder x 7 Natural;100;1;15;power;;;0;;7;;+15PV
Poder x 7 Ametal;100;1;15;power;;;0;;7;;x1D.Amu
Poder x 7 Domica;100;1;15;power;;;0;;7;;x2G.Cri
Espinal;50;2;16;creature;14;15;9;;;;
Saga;99;2;16;creature;28;6;14;;;;
Colossus;99;2;16;creature;10;32;9;;;;3⚡ +3A
Poder Mental x 2;99;2;16;amulet;;;15;10;;;x1G.Cri, x1G.Pod
Kurth Arth;80;2;16;amulet;;;20;20;;;x1D.Amu
Esteagol;30;2;17;creature;18;10;8;;;;
Osgo;20;2;17;creature;30;6;20;;;;
Viguil;60;2;17;creature;1;20;8;;;defensora;3⚡ +5A
Astral;99;2;17;creature;10;10;10;;;;3⚡ +8A
Drenador x 2;70;2;17;amulet;;;6;6;;;-8PV.Opp, +2A.Cri
Muralez;95;2;17;amulet;;;10;6;;defensora;C.Def (todas tus criaturas defensoras)
Elfo Avanzado;75;1;17;creature;20;10;10;;;;+1Carta
Poder x 8 Mayor;100;1;17;power;;;0;;8;;x2G.Cri, +1Carta
Alchemia;60;12;18;creature;17;10;12;;;;2⚡ +9D
Kehanar;80;12;18;creature;1;1;6;;;;25⚡ +2A
Petioner;40;12;18;creature;23;15;14;;;;
Trigild;10;12;18;creature;1;20;8;;;;
Tutar Amon;30;2;19;creature;17;17;15;;;;
Yogoloth;99;2;19;creature;35;12;15;;;;
Veneno x 3;75;2;19;amulet;;;6;7;;;-10PV.Opp
Poderador x 3;75;2;19;amulet;;;6;7;;;+2A.Cri, +3D.Cri
Barbaro;85;2;19;creature;5;10;16;;;defensa_multiple=2,ataque_defensa_multiple=2;8⚡ +2A
Observador;20;2;20;creature;17;18;12;;;;
Poder x 10;90;40;20;power;;;0;;10;;
Manath;40;2;20;creature;23;19;14;;;;
Fuente de vida x 3;75;2;20;amulet;;;12;6;;;+15PV
Poder Mental x 3;99;2;20;amulet;;;11;10;;;x2G.Cri
Poder Mental x 4;99;2;20;amulet;;;10;12;;;x2G.Pod
Argnathor Poderal;100;1;20;creature;15;20;20;;;;x2D.Pod, 400⚡ +1A
Rebolt;75;1;20;creature;10;10;16;;;defensa_multiple=2;20⚡ +2D
Urgul Mayor;100;1;20;creature;35;1;22;;;defensa_multiple=2,ataque_defensa_multiple=2;
Angel Caido;100;1;20;creature;10;10;15;;;mistica;x40G.Cri (dudoso: podría ser x4 G.Cri)
Poder x 10 Poderal;100;1;20;power;;;0;;10;;-15PVOpp
Poder x 10 Natural;100;1;20;power;;;0;;10;;+20PV
Poder x 10 Ametal;100;1;20;power;;;0;;10;;x1D.Amu
Poder x 10 Domica;100;1;20;power;;;0;;10;;x2G.Cri
Arienel;20;2;21;creature;13;17;13;;;;
Escudal x 4;70;2;21;amulet;;;7;7;;;+10 (escudo: defensa del jugador)
Acrum;100;2;21;amulet;;;45;16;;;x1D.Cri
Alendrar;20;2;22;creature;20;20;20;;;;
Drakar;70;2;22;creature;1;10;15;;;mistica;5⚡ +5A
Barrera Mistica x 2;80;2;22;amulet;;;15;10;;mistica;EM, +6 (escudo)
Poder Mental x 5;99;2;22;amulet;;;13;12;;;x1G.Pod, x2G.Cri
Kurth Arth x 2;90;2;22;amulet;;;12;25;;;x1D.Amu
Elfo Oscuro;80;3;22;creature;18;12;16;;;mistica;+20PV
Dragon esqueleto;90;2;22;creature;10;5;0;;;defensa_multiple=2,ataque_defensa_multiple=2;
Poder x 12 Mayor;100;1;22;power;;;0;;12;;x2G.Cri, +1Carta
Afal;1;2;23;creature;14;14;10;;;;
Drenador x 3;80;2;23;amulet;;;15;6;;;-10PVOpp, +4A.Cri
Dragor;20;2;24;creature;20;22;16;;;;
Grifo;79;2;24;creature;5;20;6;;;berserker;2⚡ +5A
Chimera Menor;20;2;25;creature;25;15;20;;;;
Poder x 15;85;40;25;power;;;0;;15;;
Enher;100;2;25;creature;0;1;0;;;mistica;4⚡ +9A
Titan;81;2;25;creature;1;10;9;;;defensora;2⚡ +9A
Paladin;85;2;25;creature;10;18;10;;;defensora;3⚡ +5A
Fuente de vida x 4;80;2;25;amulet;;;15;6;;;+17PV
Rueda;90;2;25;amulet;;;35;12;;;+1 Carta
Poderador x 4;80;2;25;amulet;;;10;10;;;+4A.Cri, +4D.Cri
Ruinthz;90;2;25;amulet;;;40;20;;;x1D.Pod
Argnathor Ametal;100;1;25;creature;10;20;25;;;;x2D.Amu, 500⚡ +1A
Poder x 15 Domica;100;1;25;power;;;0;;15;;x3G.Cri
Poder x 15 Ametal;100;1;25;power;;;0;;15;;x1D.Amu
Poder x 15 Natural;100;1;25;power;;;0;;15;;x1D.Cri
Poder x 15 Poderal;100;1;25;power;;;0;;15;;x1D.Pod
Espiritu del mar;90;2;26;creature;11;8;13;;;mistica;1⚡ +9A
Maderal;85;2;26;creature;15;10;10;;;;25⚡ +1A
Muralez x 2;99;2;26;amulet;;;10;10;;defensora;C.Def, +5D.Cri
Acrum x 2;100;2;26;amulet;;;40;16;;;x2D.Cri
Draconia;100;2;26;amulet;;;45;30;;;+10A.Cri, -15PV.Opp
Kraken;75;2;27;creature;1;30;10;;;defensora;29⚡ +1A
Corrosivo;80;2;27;creature;15;35;10;;;defensora;
Poder Mental x 6;99;2;27;amulet;;;20;12;;;x2G.Pod, x2G.Cri
Poder Mental x 7;99;2;27;amulet;;;20;15;;;x3G.Cri
Hermanos Elfo;100;1;27;creature;5;25;25;;;;+2Cartas, 8⚡ +2A
Mohrg;95;12;28;creature;35;-2;6;;;defensa_negativa;
Servidor;99;12;28;creature;1;20;12;;;defensora,mistica;3⚡ +6A
Arcangel;70;2;29;creature;1;10;15;;;defensora,mistica;5⚡ +5D
Demonio rojo;85;2;29;creature;1;-4;8;;;defensa_negativa;10⚡ +4A
Veneno x 4;85;2;29;amulet;;;10;7;;;-14PV.Opp
Flora;100;2;29;amulet;;;35;25;;defensora,mistica;C.Def, EM, +20 (escudo)
Archer;90;2;30;creature;10;0;7;;;;10⚡ +3A
Hechizero Negro;85;2;30;creature;1;5;8;;;mistica;3⚡ +9A
Argnathor Natural;100;1;30;creature;0;0;30;;;;x2D.Cri, +1 Carta, 600⚡ +1A
Caza Dragones;55;5;30;creature;5;25;12;;;defensa_multiple=2;2⚡ +9D
Hombre Angel;100;1;30;creature;0;10;0;;;mistica;-10PVOpp, +15PV, 5⚡ +3A
Poder x 15 Mayor;100;1;30;power;;;0;;15;;x2G.Cri, +2Cartas
HipoGrifo;75;2;31;creature;5;41;14;;;defensora;
Gith;80;2;31;creature;20;-2;6;;;mistica,defensa_negativa;
Solemn;100;2;31;amulet;;;62;32;;;x2G.Pod, x1D.Pod, x3G.Cri
Chimera Mayor;70;2;32;creature;40;0;16;;;;
Elion;60;2;32;creature;0;-10;15;;;berserker,defensa_negativa;7⚡ +6A
Poder Mental x 8;99;2;32;amulet;;;25;15;;;x4G.Cri
Kurth Arth x 3;95;2;32;amulet;;;20;30;;;x2D.Amu
Dragon azul;60;2;33;creature;46;-11;16;;;defensa_negativa;
Dragon verde;50;2;33;creature;44;-10;14;;;defensa_negativa;
Escudal x 5;80;2;33;amulet;;;7;10;;;+20 (escudo: defensa del jugador)
Dragon Helado;80;2;34;creature;38;-13;15;;;defensa_negativa;
Gargola;70;2;34;creature;20;20;8;;;defensora;
Acrum x 3;100;2;34;amulet;;;44;20;;;x2D.Cri
Ardala;100;2;34;amulet;;;70;40;;;x1D.Pod, x2D.Cri, x1D.Amu
Gargola de Oro;65;2;35;creature;30;5;20;;;defensora;2⚡ +5A
Incael;79;2;35;creature;2;1;18;;;;60⚡ +1A
Fuente de vida x 5;85;2;35;amulet;;;25;10;;;+25PV
Rueda x 2;95;2;35;amulet;;;45;20;;;+2 Cartas
Barrera Mistica x 3;80;2;35;amulet;;;15;8;;mistica;EM, +15 (escudo)
Sanal;100;2;35;amulet;;;60;25;;defensora;+20 (escudo), C.Def, +12D.Cri, +10PV
Argnathor Domic;100;1;35;creature;0;35;40;;;;x40G.Cri (dudoso), x1D.Amu, 800⚡ +1A
Elfo Brujo;100;1;35;creature;5;0;35;;;;x2D.Pod, 10⚡ +2A
Sibad;90;2;36;creature;6;12;12;;;defensora,mistica;4⚡ +6A
Remente;50;2;36;creature;0;-2;14;;;berserker,defensa_negativa;30⚡ +2A
Poderador x 5;95;2;36;amulet;;;10;15;;;+10A.Cri, +10D.Cri
Poder Mental x 9;99;2;36;amulet;;;25;15;;;x4G.Pod, x1G.Cri
Ruinthz x 2;95;2;36;amulet;;;50;30;;;x2D.Pod
Agathirmur;85;2;37;creature;30;10;17;;;defensora;3⚡ +9D
Rataria;70;2;37;creature;0;-20;15;;;berserker,defensa_negativa;80⚡ +1A
Fase;70;2;38;creature;0;-16;16;;;defensa_negativa;55⚡ +2A
Garbol;75;2;38;creature;22;38;14;;;defensora;
Hijo de Keathan;100;2;39;creature;0;-15;20;;;defensora,mistica,defensa_negativa;6⚡ +9A
Krahn;80;2;39;creature;20;32;20;;;berserker;40⚡ +1A
Veneno x 5;95;2;39;amulet;;;15;10;;;-20PV.Opp
Drac Blanco Mayor;65;2;40;creature;42;-10;20;;;defensa_negativa;
Drac Azul Mayor;80;2;40;creature;40;-12;15;;;defensa_negativa;
Bestia del Caos;100;2;40;creature;10;40;0;;;;100⚡ +1A
Dragon Marron;50;2;40;creature;25;-10;10;;;berserker,defensa_negativa;9⚡ +3A
Tormentus;90;1;40;creature;30;10;30;;;;+2Cartas, -40PVOpp
Athar Zum;95;1;40;creature;0;0;50;;;;x2D.Cri, 100⚡ +1A
Dragon Dorado;89;2;41;creature;60;10;30;;;;
Drac de Bronce;70;2;41;creature;50;-15;20;;;defensa_negativa;
Ruinthz x 3;100;2;41;amulet;;;55;35;;;x3D.Pod
Dragon Plateado;80;2;42;creature;55;30;27;;;;
Stazhart;75;2;42;creature;35;45;25;;;defensora;
Asxel;60;2;42;creature;1;-30;20;;;defensa_negativa;100⚡ +1A
Rueda x 3;100;2;42;amulet;;;60;25;;;+3 Cartas
Kurth Arth x 4;100;2;42;amulet;;;30;35;;;x3D.Amu
Angrath;100;2;43;creature;20;80;30;;;;
GraDrac;50;2;43;creature;55;-20;18;;;defensa_negativa;
Volatilh;80;2;44;creature;40;0;40;;;mistica,berserker;40⚡ +1D
Drac Verde Mayor;70;2;44;creature;60;-25;18;;;defensa_negativa;
Gigante;100;2;45;creature;1;20;22;;;;100⚡ +1A
Grath;70;2;45;creature;20;40;19;;;defensora;5⚡ +6A
Poder Mental x 10;99;2;45;amulet;;;35;15;;;x2G.Pod, x5G.Cri
Acrum x 4;100;2;45;amulet;;;50;25;;;x3D.Cri
Insignia Solamnica;100;2;45;amulet;;;35;25;;defensora,mistica;C.Def, EM, +20A.Cri
Oroth Fezhal;75;2;46;creature;10;80;20;;;;70⚡ +1A
Imnazthril;100;2;46;creature;10;100;45;;;defensora;
Genios;100;2;46;creature;30;35;50;;;defensora,mistica;40⚡ +1A
Dragon Demonio;80;2;47;creature;60;-20;20;;;defensa_negativa;
Dragon Negro;70;2;47;creature;70;-20;35;;;defensa_negativa;
Pesadilla;100;2;48;creature;0;35;0;;;defensora,mistica;100⚡ +1A
Reptenzh;75;2;48;creature;60;-20;35;;;defensa_negativa;20⚡ +1A
Dragon Oscuro;99;2;49;creature;45;40;30;;;defensora;
Poder Mental x 11;99;2;49;amulet;;;40;20;;;x3G.Pod, x6G.Cri
Tentaculo;100;2;49;creature;10;85;35;;;defensora,mistica;10⚡ +3A
Keatahn;100;2;50;creature;0;15;0;;;defensora,mistica;20⚡ +3A
Poder x 20;100;2;50;power;;;0;;20;;
